what,kind,bundleId,bundleVersion,description,time
deactivated,workbench,org.eclipse.ui.workbench,3.5.2.M20100113-0800,"",1284944428328
activated,workbench,org.eclipse.ui.workbench,3.5.2.M20100113-0800,"",1284944486593
executed,command,org.eclipse.ui,3.5.2.M20100120-0800,"org.eclipse.ui.file.save",1284944501281
executed,command,org.eclipse.ui.workbench.texteditor,3.5.1.r352_v20100105,"org.eclipse.ui.edit.text.goto.lineEnd",1284944520890
executed,command,org.eclipse.ui,3.5.2.M20100120-0800,"org.eclipse.ui.file.save",1284944529109
executed,command,org.eclipse.ui,3.5.2.M20100120-0800,"org.eclipse.ui.file.save",1284944535468
activated,view,org.eclipse.ui.console,3.4.0.v20090513,"org.eclipse.ui.console.ConsoleView",1284944559984
executed,command,org.eclipse.ui,3.5.2.M20100120-0800,"org.eclipse.ui.edit.copy",1284944571437
deactivated,workbench,org.eclipse.ui.workbench,3.5.2.M20100113-0800,"",1284944572640
activated,workbench,org.eclipse.ui.workbench,3.5.2.M20100113-0800,"",1284944589406
activated,editor,org.eclipse.jdt.ui,3.5.2.r352_v20100106-0800,"org.eclipse.jdt.ui.CompilationUnitEditor",1284944592500
executed,command,org.eclipse.ui,3.5.2.M20100120-0800,"org.eclipse.ui.file.save",1284944603421
activated,view,org.eclipse.ui.console,3.4.0.v20090513,"org.eclipse.ui.console.ConsoleView",1284944609781
executed,command,org.eclipse.ui,3.5.2.M20100120-0800,"org.eclipse.ui.edit.copy",1284944612312
deactivated,workbench,org.eclipse.ui.workbench,3.5.2.M20100113-0800,"",1284944613187
activated,workbench,org.eclipse.ui.workbench,3.5.2.M20100113-0800,"",1284944633281
activated,editor,org.eclipse.jdt.ui,3.5.2.r352_v20100106-0800,"org.eclipse.jdt.ui.CompilationUnitEditor",1284944635625
activated,view,org.eclipse.ui.console,3.4.0.v20090513,"org.eclipse.ui.console.ConsoleView",1284944637437
activated,editor,org.eclipse.jdt.ui,3.5.2.r352_v20100106-0800,"org.eclipse.jdt.ui.CompilationUnitEditor",1284944639656
activated,view,org.eclipse.ui.console,3.4.0.v20090513,"org.eclipse.ui.console.ConsoleView",1284944641765
activated,editor,org.eclipse.jdt.ui,3.5.2.r352_v20100106-0800,"org.eclipse.jdt.ui.CompilationUnitEditor",1284944644812
deactivated,workbench,org.eclipse.ui.workbench,3.5.2.M20100113-0800,"",1284944669703
activated,workbench,org.eclipse.ui.workbench,3.5.2.M20100113-0800,"",1284944693875
activated,view,org.eclipse.ui.navigator.resources,3.4.1.M20090826-0800,"org.eclipse.ui.navigator.ProjectExplorer",1284944695593
activated,editor,org.eclipse.jst.jsp.ui,1.1.401.v200908111935,"org.eclipse.jst.jsp.core.jspsource.source",1284944696140
activated,view,org.eclipse.ui.navigator.resources,3.4.1.M20090826-0800,"org.eclipse.ui.navigator.ProjectExplorer",1284944697218
activated,editor,org.eclipse.jst.jsp.ui,1.1.401.v200908111935,"org.eclipse.jst.jsp.core.jspsource.source",1284944697515
deactivated,workbench,org.eclipse.ui.workbench,3.5.2.M20100113-0800,"",1284944699640
activated,workbench,org.eclipse.ui.workbench,3.5.2.M20100113-0800,"",1284944753765
deactivated,workbench,org.eclipse.ui.workbench,3.5.2.M20100113-0800,"",1284944756218
activated,workbench,org.eclipse.ui.workbench,3.5.2.M20100113-0800,"",1284944756234
deactivated,workbench,org.eclipse.ui.workbench,3.5.2.M20100113-0800,"",1284944756328
activated,workbench,org.eclipse.ui.workbench,3.5.2.M20100113-0800,"",1284944949281
deactivated,workbench,org.eclipse.ui.workbench,3.5.2.M20100113-0800,"",1284944951656
activated,workbench,org.eclipse.ui.workbench,3.5.2.M20100113-0800,"",1284944951656
deactivated,workbench,org.eclipse.ui.workbench,3.5.2.M20100113-0800,"",1284944951671
activated,workbench,org.eclipse.ui.workbench,3.5.2.M20100113-0800,"",1284945088906
activated,editor,org.eclipse.jdt.ui,3.5.2.r352_v20100106-0800,"org.eclipse.jdt.ui.CompilationUnitEditor",1284945092687
executed,command,org.eclipse.ui,3.5.2.M20100120-0800,"org.eclipse.ui.file.save",1284945093796
executed,command,org.eclipse.ui,3.5.2.M20100120-0800,"org.eclipse.ui.edit.copy",1284945103828
deactivated,workbench,org.eclipse.ui.workbench,3.5.2.M20100113-0800,"",1284945104750
activated,workbench,org.eclipse.ui.workbench,3.5.2.M20100113-0800,"",1284947591781
executed,command,org.eclipse.ui.workbench.texteditor,3.5.1.r352_v20100105,"org.eclipse.ui.edit.text.goto.lineEnd",1284947596687
executed,command,org.eclipse.ui,3.5.2.M20100120-0800,"org.eclipse.ui.edit.paste",1284947598156
executed,command,org.eclipse.ui.workbench.texteditor,3.5.1.r352_v20100105,"org.eclipse.ui.edit.text.goto.lineStart",1284947600078
executed,command,org.eclipse.ui.workbench.texteditor,3.5.1.r352_v20100105,"org.eclipse.ui.edit.text.goto.lineStart",1284947601078
executed,command,org.eclipse.ui,3.5.2.M20100120-0800,"org.eclipse.ui.edit.copy",1284947617953
executed,command,org.eclipse.ui,3.5.2.M20100120-0800,"org.eclipse.ui.edit.paste",1284947621718
executed,command,org.eclipse.ui,3.5.2.M20100120-0800,"org.eclipse.ui.file.save",1284947627187
executed,command,org.eclipse.ui.workbench.texteditor,3.5.1.r352_v20100105,"org.eclipse.ui.edit.text.goto.lineEnd",1284947636234
executed,command,org.eclipse.ui.workbench.texteditor,3.5.1.r352_v20100105,"org.eclipse.ui.edit.text.select.lineStart",1284947636687
executed,command,org.eclipse.ui,3.5.2.M20100120-0800,"org.eclipse.ui.edit.copy",1284947642734
executed,command,org.eclipse.ui,3.5.2.M20100120-0800,"org.eclipse.ui.edit.paste",1284947645406
executed,command,org.eclipse.ui,3.5.2.M20100120-0800,"org.eclipse.ui.file.save",1284947650812
deactivated,workbench,org.eclipse.ui.workbench,3.5.2.M20100113-0800,"",1284947652640
activated,workbench,org.eclipse.ui.workbench,3.5.2.M20100113-0800,"",1284947661359
executed,command,org.eclipse.ui,3.5.2.M20100120-0800,"org.eclipse.ui.edit.paste",1284947667578
deactivated,workbench,org.eclipse.ui.workbench,3.5.2.M20100113-0800,"",1284947669859
activated,workbench,org.eclipse.ui.workbench,3.5.2.M20100113-0800,"",1284947672468
executed,command,org.eclipse.ui,3.5.2.M20100120-0800,"org.eclipse.ui.edit.copy",1284947678968
executed,command,org.eclipse.ui.workbench.texteditor,3.5.1.r352_v20100105,"org.eclipse.ui.edit.text.goto.lineStart",1284947684125
executed,command,org.eclipse.ui,3.5.2.M20100120-0800,"org.eclipse.ui.edit.paste",1284947684953
executed,command,org.eclipse.ui,3.5.2.M20100120-0800,"org.eclipse.ui.file.save",1284947686953
executed,command,org.eclipse.ui,3.5.2.M20100120-0800,"org.eclipse.ui.edit.copy",1284947689781
executed,command,org.eclipse.ui,3.5.2.M20100120-0800,"org.eclipse.ui.edit.paste",1284947694046
executed,command,org.eclipse.ui,3.5.2.M20100120-0800,"org.eclipse.ui.file.save",1284947694921
activated,view,org.eclipse.ui.console,3.4.0.v20090513,"org.eclipse.ui.console.ConsoleView",1284947731312
executed,command,org.eclipse.ui,3.5.2.M20100120-0800,"org.eclipse.ui.edit.copy",1284947733718
deactivated,workbench,org.eclipse.ui.workbench,3.5.2.M20100113-0800,"",1284947735875
activated,workbench,org.eclipse.ui.workbench,3.5.2.M20100113-0800,"",1284947773343
activated,editor,org.eclipse.jdt.ui,3.5.2.r352_v20100106-0800,"org.eclipse.jdt.ui.CompilationUnitEditor",1284947773375
executed,command,org.eclipse.ui,3.5.2.M20100120-0800,"org.eclipse.ui.file.save",1284947804921
activated,view,org.eclipse.ui.views,3.4.1.M20090826-0800,"org.eclipse.ui.views.ContentOutline",1284947809796
executed,command,org.eclipse.ui,3.5.2.M20100120-0800,"org.eclipse.ui.edit.undo",1284947816078
executed,command,org.eclipse.ui,3.5.2.M20100120-0800,"org.eclipse.ui.file.save",1284947817703
executed,command,org.eclipse.ui,3.5.2.M20100120-0800,"org.eclipse.ui.edit.undo",1284947821671
executed,command,org.eclipse.ui,3.5.2.M20100120-0800,"org.eclipse.ui.file.save",1284947822765
deactivated,workbench,org.eclipse.ui.workbench,3.5.2.M20100113-0800,"",1284948112656
activated,workbench,org.eclipse.ui.workbench,3.5.2.M20100113-0800,"",1284948319937
activated,editor,org.eclipse.jdt.ui,3.5.2.r352_v20100106-0800,"org.eclipse.jdt.ui.CompilationUnitEditor",1284948404703
executed,command,org.eclipse.ui,3.5.2.M20100120-0800,"org.eclipse.ui.edit.copy",1284948410421
executed,command,org.eclipse.ui,3.5.2.M20100120-0800,"org.eclipse.ui.edit.paste",1284948418484
executed,command,org.eclipse.ui,3.5.2.M20100120-0800,"org.eclipse.ui.file.save",1284948420000
executed,command,org.eclipse.ui.workbench.texteditor,3.5.1.r352_v20100105,"org.eclipse.ui.edit.text.goto.lineEnd",1284948427718
executed,command,org.eclipse.ui.workbench.texteditor,3.5.1.r352_v20100105,"org.eclipse.ui.edit.text.select.lineStart",1284948428140
executed,command,org.eclipse.ui,3.5.2.M20100120-0800,"org.eclipse.ui.file.save",1284948430062
deactivated,workbench,org.eclipse.ui.workbench,3.5.2.M20100113-0800,"",1284948450828
activated,workbench,org.eclipse.ui.workbench,3.5.2.M20100113-0800,"",1284948451593
deactivated,workbench,org.eclipse.ui.workbench,3.5.2.M20100113-0800,"",1284948453328
activated,workbench,org.eclipse.ui.workbench,3.5.2.M20100113-0800,"",1284948455125
deactivated,workbench,org.eclipse.ui.workbench,3.5.2.M20100113-0800,"",1284948458609
activated,workbench,org.eclipse.ui.workbench,3.5.2.M20100113-0800,"",1284948466734
activated,view,org.eclipse.ui.console,3.4.0.v20090513,"org.eclipse.ui.console.ConsoleView",1284948467921
executed,command,org.eclipse.ui,3.5.2.M20100120-0800,"org.eclipse.ui.edit.copy",1284948469781
deactivated,workbench,org.eclipse.ui.workbench,3.5.2.M20100113-0800,"",1284948470968
activated,workbench,org.eclipse.ui.workbench,3.5.2.M20100113-0800,"",1284948472343
deactivated,workbench,org.eclipse.ui.workbench,3.5.2.M20100113-0800,"",1284948473000
activated,workbench,org.eclipse.ui.workbench,3.5.2.M20100113-0800,"",1284948484890
started,bundle,org.eclipse.wst.xsl.debug.ui,1.0.0.v200904240436,"org.eclipse.wst.xsl.debug.ui",1284948486234
executed,command,org.eclipse.ui,3.5.2.M20100120-0800,"org.eclipse.ui.edit.copy",1284948490609
deactivated,workbench,org.eclipse.ui.workbench,3.5.2.M20100113-0800,"",1284948491796
activated,workbench,org.eclipse.ui.workbench,3.5.2.M20100113-0800,"",1284948537078
deactivated,workbench,org.eclipse.ui.workbench,3.5.2.M20100113-0800,"",1284948537765
activated,workbench,org.eclipse.ui.workbench,3.5.2.M20100113-0800,"",1284948541187
activated,editor,org.eclipse.jdt.ui,3.5.2.r352_v20100106-0800,"org.eclipse.jdt.ui.CompilationUnitEditor",1284948544453
executed,command,org.eclipse.ui,3.5.2.M20100120-0800,"org.eclipse.ui.edit.paste",1284948545515
executed,command,org.eclipse.ui.workbench.texteditor,3.5.1.r352_v20100105,"org.eclipse.ui.edit.text.goto.lineStart",1284948546937
executed,command,org.eclipse.ui.workbench.texteditor,3.5.1.r352_v20100105,"org.eclipse.ui.edit.text.goto.lineEnd",1284948556828
executed,command,org.eclipse.ui,3.5.2.M20100120-0800,"org.eclipse.ui.file.save",1284948558312
executed,command,org.eclipse.ui,3.5.2.M20100120-0800,"org.eclipse.ui.file.save",1284948561921
deactivated,workbench,org.eclipse.ui.workbench,3.5.2.M20100113-0800,"",1284948567765
activated,workbench,org.eclipse.ui.workbench,3.5.2.M20100113-0800,"",1284948572343
executed,command,org.eclipse.ui,3.5.2.M20100120-0800,"org.eclipse.ui.edit.copy",1284948582125
executed,command,org.eclipse.ui,3.5.2.M20100120-0800,"org.eclipse.ui.edit.delete",1284948592484
executed,command,org.eclipse.ui.workbench.texteditor,3.5.1.r352_v20100105,"org.eclipse.ui.edit.text.goto.lineEnd",1284948592984
executed,command,org.eclipse.ui,3.5.2.M20100120-0800,"org.eclipse.ui.edit.paste",1284948596843
executed,command,org.eclipse.ui,3.5.2.M20100120-0800,"org.eclipse.ui.file.save",1284948597953
activated,view,org.eclipse.ui.console,3.4.0.v20090513,"org.eclipse.ui.console.ConsoleView",1284948603500
executed,command,org.eclipse.ui,3.5.2.M20100120-0800,"org.eclipse.ui.edit.copy",1284948605296
deactivated,workbench,org.eclipse.ui.workbench,3.5.2.M20100113-0800,"",1284948606234
activated,workbench,org.eclipse.ui.workbench,3.5.2.M20100113-0800,"",1284948607453
deactivated,workbench,org.eclipse.ui.workbench,3.5.2.M20100113-0800,"",1284948607859
activated,workbench,org.eclipse.ui.workbench,3.5.2.M20100113-0800,"",1284948624484
deactivated,workbench,org.eclipse.ui.workbench,3.5.2.M20100113-0800,"",1284948629406
activated,workbench,org.eclipse.ui.workbench,3.5.2.M20100113-0800,"",1284948653859
deactivated,workbench,org.eclipse.ui.workbench,3.5.2.M20100113-0800,"",1284948662031
activated,workbench,org.eclipse.ui.workbench,3.5.2.M20100113-0800,"",1284948666593
deactivated,workbench,org.eclipse.ui.workbench,3.5.2.M20100113-0800,"",1284948695578
activated,workbench,org.eclipse.ui.workbench,3.5.2.M20100113-0800,"",1284948696296
deactivated,workbench,org.eclipse.ui.workbench,3.5.2.M20100113-0800,"",1284948696937
activated,workbench,org.eclipse.ui.workbench,3.5.2.M20100113-0800,"",1284948807953
deactivated,workbench,org.eclipse.ui.workbench,3.5.2.M20100113-0800,"",1284948810140
activated,workbench,org.eclipse.ui.workbench,3.5.2.M20100113-0800,"",1284948810140
deactivated,workbench,org.eclipse.ui.workbench,3.5.2.M20100113-0800,"",1284948810156
activated,workbench,org.eclipse.ui.workbench,3.5.2.M20100113-0800,"",1284948855812
activated,editor,org.eclipse.jdt.ui,3.5.2.r352_v20100106-0800,"org.eclipse.jdt.ui.CompilationUnitEditor",1284948857656
executed,command,org.eclipse.ui,3.5.2.M20100120-0800,"org.eclipse.ui.edit.copy",1284948871453
executed,command,org.eclipse.ui,3.5.2.M20100120-0800,"org.eclipse.ui.edit.paste",1284948873562
executed,command,org.eclipse.ui,3.5.2.M20100120-0800,"org.eclipse.ui.file.save",1284948874015
activated,view,org.eclipse.ui.console,3.4.0.v20090513,"org.eclipse.ui.console.ConsoleView",1284948878531
executed,command,org.eclipse.ui,3.5.2.M20100120-0800,"org.eclipse.ui.edit.copy",1284948880718
deactivated,workbench,org.eclipse.ui.workbench,3.5.2.M20100113-0800,"",1284948881484
activated,workbench,org.eclipse.ui.workbench,3.5.2.M20100113-0800,"",1284948901156
deactivated,workbench,org.eclipse.ui.workbench,3.5.2.M20100113-0800,"",1284948915734
activated,workbench,org.eclipse.ui.workbench,3.5.2.M20100113-0800,"",1284949271625
deactivated,workbench,org.eclipse.ui.workbench,3.5.2.M20100113-0800,"",1284949277687
activated,workbench,org.eclipse.ui.workbench,3.5.2.M20100113-0800,"",1284949278218
deactivated,workbench,org.eclipse.ui.workbench,3.5.2.M20100113-0800,"",1284949279937
activated,workbench,org.eclipse.ui.workbench,3.5.2.M20100113-0800,"",1284949314125
activated,editor,org.eclipse.jdt.ui,3.5.2.r352_v20100106-0800,"org.eclipse.jdt.ui.CompilationUnitEditor",1284949316296
executed,command,org.eclipse.ui,3.5.2.M20100120-0800,"org.eclipse.ui.file.save",1284949319984
activated,view,org.eclipse.ui.console,3.4.0.v20090513,"org.eclipse.ui.console.ConsoleView",1284949323859
executed,command,org.eclipse.ui,3.5.2.M20100120-0800,"org.eclipse.ui.edit.copy",1284949325453
deactivated,workbench,org.eclipse.ui.workbench,3.5.2.M20100113-0800,"",1284949327031
activated,workbench,org.eclipse.ui.workbench,3.5.2.M20100113-0800,"",1284949327890
deactivated,workbench,org.eclipse.ui.workbench,3.5.2.M20100113-0800,"",1284949329000
activated,workbench,org.eclipse.ui.workbench,3.5.2.M20100113-0800,"",1284949397921
deactivated,workbench,org.eclipse.ui.workbench,3.5.2.M20100113-0800,"",1284949401312
activated,workbench,org.eclipse.ui.workbench,3.5.2.M20100113-0800,"",1284949403578
activated,editor,org.eclipse.jdt.ui,3.5.2.r352_v20100106-0800,"org.eclipse.jdt.ui.CompilationUnitEditor",1284949408484
executed,command,org.eclipse.ui,3.5.2.M20100120-0800,"org.eclipse.ui.file.save",1284949412015
activated,view,org.eclipse.ui.views,3.4.1.M20090826-0800,"org.eclipse.ui.views.ContentOutline",1284949414140
deactivated,workbench,org.eclipse.ui.workbench,3.5.2.M20100113-0800,"",1284949418500
activated,workbench,org.eclipse.ui.workbench,3.5.2.M20100113-0800,"",1284949420859
deactivated,workbench,org.eclipse.ui.workbench,3.5.2.M20100113-0800,"",1284949438171
activated,workbench,org.eclipse.ui.workbench,3.5.2.M20100113-0800,"",1284949442765
deactivated,workbench,org.eclipse.ui.workbench,3.5.2.M20100113-0800,"",1284949456156
activated,workbench,org.eclipse.ui.workbench,3.5.2.M20100113-0800,"",1284949458281
deactivated,workbench,org.eclipse.ui.workbench,3.5.2.M20100113-0800,"",1284949473390
activated,workbench,org.eclipse.ui.workbench,3.5.2.M20100113-0800,"",1284949475937
deactivated,workbench,org.eclipse.ui.workbench,3.5.2.M20100113-0800,"",1284949501640
activated,workbench,org.eclipse.ui.workbench,3.5.2.M20100113-0800,"",1284949509593
deactivated,workbench,org.eclipse.ui.workbench,3.5.2.M20100113-0800,"",1284949512343
activated,workbench,org.eclipse.ui.workbench,3.5.2.M20100113-0800,"",1284949514734
deactivated,workbench,org.eclipse.ui.workbench,3.5.2.M20100113-0800,"",1284949523921
activated,workbench,org.eclipse.ui.workbench,3.5.2.M20100113-0800,"",1284949525843
deactivated,workbench,org.eclipse.ui.workbench,3.5.2.M20100113-0800,"",1284949529671
activated,workbench,org.eclipse.ui.workbench,3.5.2.M20100113-0800,"",1284949575062
deactivated,workbench,org.eclipse.ui.workbench,3.5.2.M20100113-0800,"",1284949580812
activated,workbench,org.eclipse.ui.workbench,3.5.2.M20100113-0800,"",1284949584625
activated,editor,org.eclipse.jdt.ui,3.5.2.r352_v20100106-0800,"org.eclipse.jdt.ui.CompilationUnitEditor",1284949594203
activated,view,org.eclipse.ui.views,3.4.1.M20090826-0800,"org.eclipse.ui.views.ContentOutline",1284949608953
activated,editor,org.eclipse.jdt.ui,3.5.2.r352_v20100106-0800,"org.eclipse.jdt.ui.CompilationUnitEditor",1284949613796
executed,command,org.eclipse.ui.workbench.texteditor,3.5.1.r352_v20100105,"org.eclipse.ui.edit.text.select.lineEnd",1284949619343
executed,command,org.eclipse.ui.workbench.texteditor,3.5.1.r352_v20100105,"org.eclipse.ui.edit.text.select.lineStart",1284949621796
executed,command,org.eclipse.ui,3.5.2.M20100120-0800,"org.eclipse.ui.file.save",1284949625046
activated,view,org.eclipse.ui.views,3.4.1.M20090826-0800,"org.eclipse.ui.views.ContentOutline",1284949628093
activated,editor,org.eclipse.jdt.ui,3.5.2.r352_v20100106-0800,"org.eclipse.jdt.ui.CompilationUnitEditor",1284949630218
executed,command,org.eclipse.ui,3.5.2.M20100120-0800,"org.eclipse.ui.file.save",1284949635953
activated,view,org.eclipse.ui.views,3.4.1.M20090826-0800,"org.eclipse.ui.views.ContentOutline",1284949641031
deactivated,workbench,org.eclipse.ui.workbench,3.5.2.M20100113-0800,"",1284949654125
activated,workbench,org.eclipse.ui.workbench,3.5.2.M20100113-0800,"",1284949654906
deactivated,workbench,org.eclipse.ui.workbench,3.5.2.M20100113-0800,"",1284949655890
activated,workbench,org.eclipse.ui.workbench,3.5.2.M20100113-0800,"",1284949661671
activated,view,org.eclipse.ui.console,3.4.0.v20090513,"org.eclipse.ui.console.ConsoleView",1284949672609
executed,command,org.eclipse.ui,3.5.2.M20100120-0800,"org.eclipse.ui.edit.copy",1284949674531
deactivated,workbench,org.eclipse.ui.workbench,3.5.2.M20100113-0800,"",1284949675281
activated,workbench,org.eclipse.ui.workbench,3.5.2.M20100113-0800,"",1284949676046
deactivated,workbench,org.eclipse.ui.workbench,3.5.2.M20100113-0800,"",1284949676890
activated,workbench,org.eclipse.ui.workbench,3.5.2.M20100113-0800,"",1284949682859
deactivated,workbench,org.eclipse.ui.workbench,3.5.2.M20100113-0800,"",1284949683937
activated,workbench,org.eclipse.ui.workbench,3.5.2.M20100113-0800,"",1284949705968
deactivated,workbench,org.eclipse.ui.workbench,3.5.2.M20100113-0800,"",1284949706953
activated,workbench,org.eclipse.ui.workbench,3.5.2.M20100113-0800,"",1284949730968
deactivated,workbench,org.eclipse.ui.workbench,3.5.2.M20100113-0800,"",1284949744312
activated,workbench,org.eclipse.ui.workbench,3.5.2.M20100113-0800,"",1284949757046
deactivated,workbench,org.eclipse.ui.workbench,3.5.2.M20100113-0800,"",1284949760828
activated,workbench,org.eclipse.ui.workbench,3.5.2.M20100113-0800,"",1284949762343
activated,view,org.eclipse.ui.navigator.resources,3.4.1.M20090826-0800,"org.eclipse.ui.navigator.ProjectExplorer",1284949852703
activated,editor,org.eclipse.jst.jsp.ui,1.1.401.v200908111935,"org.eclipse.jst.jsp.core.jspsource.source",1284949853828
deactivated,workbench,org.eclipse.ui.workbench,3.5.2.M20100113-0800,"",1284949858234
activated,workbench,org.eclipse.ui.workbench,3.5.2.M20100113-0800,"",1284949858765
deactivated,workbench,org.eclipse.ui.workbench,3.5.2.M20100113-0800,"",1284949859750
activated,workbench,org.eclipse.ui.workbench,3.5.2.M20100113-0800,"",1284949879421
executed,command,org.eclipse.ui.workbench.texteditor,3.5.1.r352_v20100105,"org.eclipse.ui.edit.text.goto.lineEnd",1284949886640
executed,command,org.eclipse.ui,3.5.2.M20100120-0800,"org.eclipse.ui.edit.paste",1284949887718
executed,command,org.eclipse.ui,3.5.2.M20100120-0800,"org.eclipse.ui.file.save",1284949890250
executed,command,org.eclipse.ui,3.5.2.M20100120-0800,"org.eclipse.ui.file.save",1284949900093
executed,command,,,"AUTOGEN:::org.eclipse.jst.jsp.core.jspsource.ruler.actions/org.eclipse.ui.texteditor.SelectRulerAction",1284949904312
executed,command,org.eclipse.ui,3.5.2.M20100120-0800,"org.eclipse.ui.edit.text.contentAssist.proposals",1284949907921
executed,command,org.eclipse.ui,3.5.2.M20100120-0800,"org.eclipse.ui.edit.text.contentAssist.proposals",1284949915328
activated,view,org.eclipse.ui.navigator.resources,3.4.1.M20090826-0800,"org.eclipse.ui.navigator.ProjectExplorer",1284949929968
deactivated,workbench,org.eclipse.ui.workbench,3.5.2.M20100113-0800,"",1284949945203
activated,workbench,org.eclipse.ui.workbench,3.5.2.M20100113-0800,"",1284949968875
deactivated,workbench,org.eclipse.ui.workbench,3.5.2.M20100113-0800,"",1284949973843
activated,workbench,org.eclipse.ui.workbench,3.5.2.M20100113-0800,"",1284949975421
activated,editor,org.eclipse.jst.jsp.ui,1.1.401.v200908111935,"org.eclipse.jst.jsp.core.jspsource.source",1284949984890
activated,editor,org.eclipse.jdt.ui,3.5.2.r352_v20100106-0800,"org.eclipse.jdt.ui.CompilationUnitEditor",1284949986640
closed,editor,org.eclipse.jst.jsp.ui,1.1.401.v200908111935,"org.eclipse.jst.jsp.core.jspsource.source",1284949986640
activated,editor,org.eclipse.jst.jsp.ui,1.1.401.v200908111935,"org.eclipse.jst.jsp.core.jspsource.source",1284949989359
closed,editor,org.eclipse.jdt.ui,3.5.2.r352_v20100106-0800,"org.eclipse.jdt.ui.CompilationUnitEditor",1284949989359
activated,view,org.eclipse.ui.navigator.resources,3.4.1.M20090826-0800,"org.eclipse.ui.navigator.ProjectExplorer",1284949991234
deactivated,workbench,org.eclipse.ui.workbench,3.5.2.M20100113-0800,"",1284949993609
activated,workbench,org.eclipse.ui.workbench,3.5.2.M20100113-0800,"",1284949996406
executed,command,org.eclipse.ui,3.5.2.M20100120-0800,"org.eclipse.ui.edit.delete",1284949996421
executed,command,org.eclipse.ui,3.5.2.M20100120-0800,"org.eclipse.ui.edit.copy",1284950001390
deactivated,workbench,org.eclipse.ui.workbench,3.5.2.M20100113-0800,"",1284950002921
activated,workbench,org.eclipse.ui.workbench,3.5.2.M20100113-0800,"",1284950002953
deactivated,workbench,org.eclipse.ui.workbench,3.5.2.M20100113-0800,"",1284950002953
activated,workbench,org.eclipse.ui.workbench,3.5.2.M20100113-0800,"",1284950019156
deactivated,workbench,org.eclipse.ui.workbench,3.5.2.M20100113-0800,"",1284950022578
activated,workbench,org.eclipse.ui.workbench,3.5.2.M20100113-0800,"",1284950025109
executed,command,org.eclipse.ui,3.5.2.M20100120-0800,"org.eclipse.ui.edit.delete",1284950025125
opened,editor,org.eclipse.jdt.ui,3.5.2.r352_v20100106-0800,"org.eclipse.jdt.ui.CompilationUnitEditor",1284950028593
activated,editor,org.eclipse.jdt.ui,3.5.2.r352_v20100106-0800,"org.eclipse.jdt.ui.CompilationUnitEditor",1284950028765
executed,command,org.eclipse.ui,3.5.2.M20100120-0800,"org.eclipse.ui.edit.copy",1284950034890
activated,view,org.eclipse.ui.navigator.resources,3.4.1.M20090826-0800,"org.eclipse.ui.navigator.ProjectExplorer",1284950036921
activated,editor,org.eclipse.jst.pagedesigner,1.2.3.v20100211,"org.eclipse.jst.pagedesigner.PageDesignerEditor",1284950037437
executed,command,org.eclipse.ui,3.5.2.M20100120-0800,"org.eclipse.ui.edit.paste",1284950041671
error,log,,,"Unhandled event loop exception",1284950047328
error,log,,,"Unhandled event loop exception",1284950052734
executed,command,org.eclipse.ui,3.5.2.M20100120-0800,"org.eclipse.ui.file.save",1284950063937
deactivated,workbench,org.eclipse.ui.workbench,3.5.2.M20100113-0800,"",1284950065937
activated,workbench,org.eclipse.ui.workbench,3.5.2.M20100113-0800,"",1284950066609
deactivated,workbench,org.eclipse.ui.workbench,3.5.2.M20100113-0800,"",1284950068203
activated,workbench,org.eclipse.ui.workbench,3.5.2.M20100113-0800,"",1284950075640
activated,editor,org.eclipse.jdt.ui,3.5.2.r352_v20100106-0800,"org.eclipse.jdt.ui.CompilationUnitEditor",1284950082390
closed,editor,org.eclipse.jst.pagedesigner,1.2.3.v20100211,"org.eclipse.jst.pagedesigner.PageDesignerEditor",1284950082390
activated,view,org.eclipse.ui.navigator.resources,3.4.1.M20090826-0800,"org.eclipse.ui.navigator.ProjectExplorer",1284950083671
opened,editor,org.eclipse.jst.jsp.ui,1.1.401.v200908111935,"org.eclipse.jst.jsp.core.jspsource.source",1284950087140
activated,editor,org.eclipse.jst.jsp.ui,1.1.401.v200908111935,"org.eclipse.jst.jsp.core.jspsource.source",1284950087281
deactivated,workbench,org.eclipse.ui.workbench,3.5.2.M20100113-0800,"",1284950096953
activated,workbench,org.eclipse.ui.workbench,3.5.2.M20100113-0800,"",1284950099890
executed,command,org.eclipse.ui,3.5.2.M20100120-0800,"org.eclipse.ui.edit.paste",1284950105968
executed,command,org.eclipse.ui,3.5.2.M20100120-0800,"org.eclipse.ui.file.save",1284950107359
executed,command,org.eclipse.ui,3.5.2.M20100120-0800,"org.eclipse.ui.file.save",1284950115984
executed,command,org.eclipse.ui,3.5.2.M20100120-0800,"org.eclipse.ui.edit.copy",1284950120546
executed,command,org.eclipse.ui,3.5.2.M20100120-0800,"org.eclipse.ui.edit.paste",1284950123921
executed,command,org.eclipse.ui,3.5.2.M20100120-0800,"org.eclipse.ui.file.save",1284950125421
deactivated,workbench,org.eclipse.ui.workbench,3.5.2.M20100113-0800,"",1284950130171
activated,workbench,org.eclipse.ui.workbench,3.5.2.M20100113-0800,"",1284950139125
executed,command,org.eclipse.ui.workbench.texteditor,3.5.1.r352_v20100105,"org.eclipse.ui.edit.text.select.lineStart",1284950163734
deactivated,workbench,org.eclipse.ui.workbench,3.5.2.M20100113-0800,"",1284950170781
activated,workbench,org.eclipse.ui.workbench,3.5.2.M20100113-0800,"",1284950311343
executed,command,org.eclipse.ui,3.5.2.M20100120-0800,"org.eclipse.ui.edit.paste",1284950314015
